,Date,Time,Currency,Imp.,Event,Actual,Forecast,Previous,Datetime
0,01.07.2024,9:45,USD,,S&P Global US Manufacturing PMI (Jun),51.6,51.7,51.3,2024-01-07 09:45:00
1,01.07.2024,10:00,USD,,ISM Manufacturing PMI (Jun),48.5,49.2,48.7,2024-01-07 10:00:00
2,01.07.2024,10:00,USD,,ISM Manufacturing Prices (Jun),52.1,55.8,57.0,2024-01-07 10:00:00
3,02.07.2024,5:00,EUR,,CPI (YoY) (Jun),2.5%,2.5%,2.6%,2024-02-07 05:00:00
4,02.07.2024,9:30,USD,,Fed Chair Powell Speaks,,,,2024-02-07 09:30:00
5,02.07.2024,10:00,USD,,JOLTs Job Openings (May),8.140M,7.960M,7.919M,2024-02-07 10:00:00
6,03.07.2025,8:15,USD,,ADP Nonfarm Employment Change (Jun),150K,163K,157K,2025-03-07 08:15:00
7,03.07.2025,8:30,USD,,Initial Jobless Claims,238K,234K,234K,2025-03-07 08:30:00
8,03.07.2025,9:45,USD,,S&P Global Services PMI (Jun),55.3,55.1,54.8,2025-03-07 09:45:00
9,03.07.2025,10:00,USD,,ISM Non-Manufacturing PMI (Jun),48.8,52.6,53.8,2025-03-07 10:00:00
10,03.07.2025,10:00,USD,,ISM Non-Manufacturing Prices (Jun),56.3,56.7,58.1,2025-03-07 10:00:00
11,03.07.2025,10:30,USD,,Crude Oil Inventories,-12.157M,-0.400M,3.591M,2025-03-07 10:30:00
12,03.07.2025,14:00,USD,,FOMC Meeting Minutes,,,,2025-03-07 14:00:00
13,05.07.2024,8:30,USD,,Average Hourly Earnings (MoM) (Jun),0.3%,0.3%,0.4%,2024-05-07 08:30:00
14,05.07.2024,8:30,USD,,Nonfarm Payrolls (Jun),206K,191K,218K,2024-05-07 08:30:00
15,05.07.2024,8:30,USD,,Unemployment Rate (Jun),4.1%,4.0%,4.0%,2024-05-07 08:30:00
16,05.07.2024,11:00,USD,,Fed Monetary Policy Report,,,,2024-05-07 11:00:00
17,09.07.2024,10:00,USD,,Fed Chair Powell Testifies,,,,2024-09-07 10:00:00
19,10.07.2024,10:30,USD,,Crude Oil Inventories,-3.443M,0.700M,-12.157M,2024-10-07 10:30:00
20,10.07.2024,13:00,USD,,10-Year Note Auction,4.276%,,4.438%,2024-10-07 13:00:00
21,11.07.2024,8:30,USD,,Core CPI (MoM) (Jun),0.1%,0.2%,0.2%,2024-11-07 08:30:00
22,11.07.2024,8:30,USD,,CPI (YoY) (Jun),3.0%,3.1%,3.3%,2024-11-07 08:30:00
23,11.07.2024,8:30,USD,,CPI (MoM) (Jun),-0.1%,0.1%,0.0%,2024-11-07 08:30:00
24,11.07.2024,8:30,USD,,Initial Jobless Claims,222K,236K,239K,2024-11-07 08:30:00
25,11.07.2024,13:00,USD,,30-Year Bond Auction,4.405%,,4.403%,2024-11-07 13:00:00
26,12.07.2024,8:30,USD,,PPI (MoM) (Jun),0.2%,0.1%,0.0%,2024-12-07 08:30:00
28,16.07.2024,8:30,USD,,Core Retail Sales (MoM) (Jun),0.4%,0.1%,0.1%,2024-07-16 08:30:00
29,16.07.2024,8:30,USD,,Retail Sales (MoM) (Jun),0.0%,-0.3%,0.3%,2024-07-16 08:30:00
30,17.07.2024,5:00,EUR,,CPI (YoY) (Jun),2.5%,2.5%,2.6%,2024-07-17 05:00:00
31,17.07.2024,10:30,USD,,Crude Oil Inventories,-4.870M,-0.900M,-3.443M,2024-07-17 10:30:00
32,18.07.2024,8:15,EUR,,Deposit Facility Rate (Jul),3.75%,3.75%,3.75%,2024-07-18 08:15:00
33,18.07.2024,8:15,EUR,,ECB Interest Rate Decision (Jul),4.25%,4.25%,4.25%,2024-07-18 08:15:00
34,18.07.2024,8:30,USD,,Initial Jobless Claims,243K,229K,223K,2024-07-18 08:30:00
35,18.07.2024,8:30,USD,,Philadelphia Fed Manufacturing Index (Jul),13.9,2.7,1.3,2024-07-18 08:30:00
36,18.07.2024,8:45,EUR,,ECB Press Conference,,,,2024-07-18 08:45:00
37,23.07.2024,10:00,USD,,Existing Home Sales (Jun),3.89M,3.99M,4.11M,2024-07-23 10:00:00
38,24.07.2024,9:45,USD,,S&P Global US Manufacturing PMI (Jul),49.5,51.7,51.6,2024-07-24 09:45:00
39,24.07.2024,9:45,USD,,S&P Global Services PMI (Jul),56.0,54.7,55.3,2024-07-24 09:45:00
40,24.07.2024,10:00,USD,,New Home Sales (Jun),617K,639K,621K,2024-07-24 10:00:00
41,24.07.2024,10:30,USD,,Crude Oil Inventories,-3.741M,-2.600M,-4.870M,2024-07-24 10:30:00
42,24.07.2024,20:00,USD,,U.S. President Biden Speaks,,,,2024-07-24 20:00:00
43,25.07.2024,8:30,USD,,Durable Goods Orders (MoM) (Jun),-6.6%,0.3%,0.1%,2024-07-25 08:30:00
44,25.07.2024,8:30,USD,,GDP (QoQ) (Q2),2.8%,2.0%,1.4%,2024-07-25 08:30:00
45,25.07.2024,8:30,USD,,Initial Jobless Claims,235K,237K,245K,2024-07-25 08:30:00
46,26.07.2024,8:30,USD,,Core PCE Price Index (MoM) (Jun),0.2%,0.2%,0.1%,2024-07-26 08:30:00
47,26.07.2024,8:30,USD,,Core PCE Price Index (YoY) (Jun),2.6%,2.5%,2.6%,2024-07-26 08:30:00
48,30.07.2024,10:00,USD,,CB Consumer Confidence (Jul),100.3,99.7,97.8,2024-07-30 10:00:00
49,30.07.2024,10:00,USD,,JOLTs Job Openings (Jun),8.184M,8.020M,8.230M,2024-07-30 10:00:00
50,31.07.2024,5:00,EUR,,CPI (YoY) (Jul),2.6%,2.5%,2.5%,2024-07-31 05:00:00
51,31.07.2024,8:15,USD,,ADP Nonfarm Employment Change (Jul),122K,147K,155K,2024-07-31 08:15:00
52,31.07.2024,9:45,USD,,Chicago PMI (Jul),45.3,44.8,47.4,2024-07-31 09:45:00
53,31.07.2024,10:30,USD,,Crude Oil Inventories,-3.436M,-1.600M,-3.741M,2024-07-31 10:30:00
54,31.07.2024,14:00,USD,,FOMC Statement,,,,2024-07-31 14:00:00
55,31.07.2024,14:00,USD,,Fed Interest Rate Decision,5.50%,5.50%,5.50%,2024-07-31 14:00:00
56,31.07.2024,14:30,USD,,FOMC Press Conference,,,,2024-07-31 14:30:00
57,01.08.2024,8:30,USD,,Initial Jobless Claims,249K,236K,235K,2024-01-08 08:30:00
58,01.08.2024,9:45,USD,,S&P Global US Manufacturing PMI (Jul),49.6,49.5,51.6,2024-01-08 09:45:00
59,01.08.2024,10:00,USD,,ISM Manufacturing PMI (Jul),46.8,48.8,48.5,2024-01-08 10:00:00
60,01.08.2024,10:00,USD,,ISM Manufacturing Prices (Jul),52.9,51.9,52.1,2024-01-08 10:00:00
61,02.08.2024,8:30,USD,,Average Hourly Earnings (MoM) (Jul),0.2%,0.3%,0.3%,2024-02-08 08:30:00
62,02.08.2024,8:30,USD,,Nonfarm Payrolls (Jul),114K,176K,179K,2024-02-08 08:30:00
63,02.08.2024,8:30,USD,,Unemployment Rate (Jul),4.3%,4.1%,4.1%,2024-02-08 08:30:00
64,05.08.2024,9:45,USD,,S&P Global Services PMI (Jul),55.0,56.0,55.3,2024-05-08 09:45:00
65,05.08.2024,10:00,USD,,ISM Non-Manufacturing PMI (Jul),51.4,51.4,48.8,2024-05-08 10:00:00
66,05.08.2024,10:00,USD,,ISM Non-Manufacturing Prices (Jul),57.0,56.0,56.3,2024-05-08 10:00:00
67,07.08.2024,10:30,USD,,Crude Oil Inventories,-3.728M,-1.600M,-3.436M,2024-07-08 10:30:00
68,07.08.2024,13:00,USD,,10-Year Note Auction,3.960%,,4.276%,2024-07-08 13:00:00
69,08.08.2024,8:30,USD,,Initial Jobless Claims,233K,241K,250K,2024-08-08 08:30:00
70,08.08.2024,13:01,USD,,30-Year Bond Auction,4.314%,,4.405%,2024-08-08 13:01:00
71,13.08.2024,8:30,USD,,PPI (MoM) (Jul),0.1%,0.2%,0.2%,2024-08-13 08:30:00
72,14.08.2024,8:30,USD,,Core CPI (MoM) (Jul),0.2%,0.2%,0.1%,2024-08-14 08:30:00
73,14.08.2024,8:30,USD,,CPI (YoY) (Jul),2.9%,3.0%,3.0%,2024-08-14 08:30:00
74,14.08.2024,8:30,USD,,CPI (MoM) (Jul),0.2%,0.2%,-0.1%,2024-08-14 08:30:00
75,14.08.2024,10:30,USD,,Crude Oil Inventories,1.357M,-1.900M,-3.728M,2024-08-14 10:30:00
76,15.08.2024,8:30,USD,,Core Retail Sales (MoM) (Jul),0.4%,0.1%,0.5%,2024-08-15 08:30:00
77,15.08.2024,8:30,USD,,Initial Jobless Claims,227K,236K,234K,2024-08-15 08:30:00
78,15.08.2024,8:30,USD,,Philadelphia Fed Manufacturing Index (Aug),-7.0,5.4,13.9,2024-08-15 08:30:00
79,15.08.2024,8:30,USD,,Retail Sales (MoM) (Jul),1.0%,0.4%,-0.2%,2024-08-15 08:30:00
80,20.08.2024,5:00,EUR,,CPI (YoY) (Jul),2.6%,2.6%,2.5%,2024-08-20 05:00:00
81,21.08.2024,10:30,USD,,Crude Oil Inventories,-4.649M,-2.000M,1.357M,2024-08-21 10:30:00
83,22.08.2024,8:30,USD,,Initial Jobless Claims,232K,232K,228K,2024-08-22 08:30:00
84,22.08.2024,9:45,USD,,S&P Global US Manufacturing PMI (Aug),48.0,49.5,49.6,2024-08-22 09:45:00
85,22.08.2024,9:45,USD,,S&P Global Services PMI (Aug),55.2,54.0,55.0,2024-08-22 09:45:00
86,22.08.2024,10:00,USD,,Existing Home Sales (Jul),3.95M,3.94M,3.90M,2024-08-22 10:00:00
88,23.08.2024,10:00,USD,,New Home Sales (Jul),739K,624K,668K,2024-08-23 10:00:00
89,26.08.2024,8:30,USD,,Durable Goods Orders (MoM) (Jul),9.9%,4.0%,-6.9%,2024-08-26 08:30:00
90,27.08.2024,10:00,USD,,CB Consumer Confidence (Aug),103.3,100.9,101.9,2024-08-27 10:00:00
91,28.08.2024,10:30,USD,,Crude Oil Inventories,-0.846M,-2.700M,-4.649M,2024-08-28 10:30:00
92,29.08.2024,8:30,USD,,GDP (QoQ) (Q2),3.0%,2.8%,1.4%,2024-08-29 08:30:00
93,29.08.2024,8:30,USD,,Initial Jobless Claims,231K,232K,233K,2024-08-29 08:30:00
94,30.08.2024,5:00,EUR,,CPI (YoY) (Aug),2.2%,2.2%,2.6%,2024-08-30 05:00:00
95,30.08.2024,8:30,USD,,Core PCE Price Index (YoY) (Jul),2.6%,2.7%,2.6%,2024-08-30 08:30:00
96,30.08.2024,8:30,USD,,Core PCE Price Index (MoM) (Jul),0.2%,0.2%,0.2%,2024-08-30 08:30:00
97,30.08.2024,9:45,USD,,Chicago PMI (Aug),46.1,45.0,45.3,2024-08-30 09:45:00
98,03.09.2024,9:45,USD,,S&P Global US Manufacturing PMI (Aug),47.9,48.0,49.6,2024-03-09 09:45:00
99,03.09.2024,10:00,USD,,ISM Manufacturing PMI (Aug),47.2,47.5,46.8,2024-03-09 10:00:00
100,03.09.2024,10:00,USD,,ISM Manufacturing Prices (Aug),54.0,52.1,52.9,2024-03-09 10:00:00
101,04.09.2024,10:00,USD,,JOLTs Job Openings (Jul),7.673M,8.090M,7.910M,2024-04-09 10:00:00
102,05.09.2024,8:15,USD,,ADP Nonfarm Employment Change (Aug),99K,144K,111K,2024-05-09 08:15:00
103,05.09.2024,8:30,USD,,Initial Jobless Claims,227K,231K,232K,2024-05-09 08:30:00
104,05.09.2024,9:45,USD,,S&P Global Services PMI (Aug),55.7,55.2,55.0,2024-05-09 09:45:00
105,05.09.2024,10:00,USD,,ISM Non-Manufacturing PMI (Aug),51.5,51.3,51.4,2024-05-09 10:00:00
106,05.09.2024,10:00,USD,,ISM Non-Manufacturing Prices (Aug),57.3,56.0,57.0,2024-05-09 10:00:00
107,05.09.2024,11:00,USD,,Crude Oil Inventories,-6.873M,-0.600M,-0.846M,2024-05-09 11:00:00
108,06.09.2024,8:30,USD,,Average Hourly Earnings (MoM) (Aug),0.4%,0.3%,-0.1%,2024-06-09 08:30:00
109,06.09.2024,8:30,USD,,Nonfarm Payrolls (Aug),142K,164K,89K,2024-06-09 08:30:00
110,06.09.2024,8:30,USD,,Unemployment Rate (Aug),4.2%,4.2%,4.3%,2024-06-09 08:30:00
111,11.09.2024,8:30,USD,,Core CPI (MoM) (Aug),0.3%,0.2%,0.2%,2024-11-09 08:30:00
112,11.09.2024,8:30,USD,,CPI (MoM) (Aug),0.2%,0.2%,0.2%,2024-11-09 08:30:00
113,11.09.2024,8:30,USD,,CPI (YoY) (Aug),2.5%,2.5%,2.9%,2024-11-09 08:30:00
114,11.09.2024,10:30,USD,,Crude Oil Inventories,0.833M,0.900M,-6.873M,2024-11-09 10:30:00
115,11.09.2024,13:00,USD,,10-Year Note Auction,3.648%,,3.960%,2024-11-09 13:00:00
116,12.09.2024,8:15,EUR,,Deposit Facility Rate (Sep),3.50%,3.50%,3.75%,2024-12-09 08:15:00
117,12.09.2024,8:15,EUR,,ECB Interest Rate Decision (Sep),3.65%,3.65%,4.25%,2024-12-09 08:15:00
118,12.09.2024,8:30,USD,,Initial Jobless Claims,230K,227K,228K,2024-12-09 08:30:00
119,12.09.2024,8:30,USD,,PPI (MoM) (Aug),0.2%,0.1%,0.0%,2024-12-09 08:30:00
121,12.09.2024,13:00,USD,,30-Year Bond Auction,4.015%,,4.314%,2024-12-09 13:00:00
122,17.09.2024,8:30,USD,,Core Retail Sales (MoM) (Aug),0.1%,0.2%,0.4%,2024-09-17 08:30:00
123,17.09.2024,8:30,USD,,Retail Sales (MoM) (Aug),0.1%,-0.2%,1.1%,2024-09-17 08:30:00
124,18.09.2024,5:00,EUR,,CPI (YoY) (Aug),2.2%,2.2%,2.6%,2024-09-18 05:00:00
125,18.09.2024,10:30,USD,,Crude Oil Inventories,-1.630M,-0.200M,0.833M,2024-09-18 10:30:00
126,18.09.2024,14:00,USD,,FOMC Economic Projections,,,,2024-09-18 14:00:00
128,18.09.2024,14:00,USD,,Fed Interest Rate Decision,5.00%,5.25%,5.50%,2024-09-18 14:00:00
130,19.09.2024,8:30,USD,,Initial Jobless Claims,219K,230K,231K,2024-09-19 08:30:00
131,19.09.2024,8:30,USD,,Philadelphia Fed Manufacturing Index (Sep),1.7,-0.8,-7.0,2024-09-19 08:30:00
132,19.09.2024,10:00,USD,,Existing Home Sales (Aug),3.86M,3.92M,3.96M,2024-09-19 10:00:00
133,23.09.2024,9:45,USD,,S&P Global US Manufacturing PMI (Sep),,48.6,47.9,2024-09-23 09:45:00
134,23.09.2024,9:45,USD,,S&P Global Services PMI (Sep),,55.3,55.7,2024-09-23 09:45:00
135,24.09.2024,10:00,USD,,CB Consumer Confidence (Sep),,103.5,103.3,2024-09-24 10:00:00
136,25.09.2024,10:00,USD,,New Home Sales (Aug),,700K,739K,2024-09-25 10:00:00
137,25.09.2024,10:30,USD,,Crude Oil Inventories,,,-1.630M,2024-09-25 10:30:00
138,26.09.2024,8:30,USD,,Durable Goods Orders (MoM) (Aug),,-2.8%,9.9%,2024-09-26 08:30:00
139,26.09.2024,8:30,USD,,GDP (QoQ) (Q2),,3.0%,1.4%,2024-09-26 08:30:00
140,26.09.2024,8:30,USD,,Initial Jobless Claims,,,219K,2024-09-26 08:30:00
142,27.09.2024,8:30,USD,,Core PCE Price Index (MoM) (Aug),,0.2%,0.2%,2024-09-27 08:30:00
143,27.09.2024,8:30,USD,,Core PCE Price Index (YoY) (Aug),,,2.6%,2024-09-27 08:30:00
144,30.09.2024,9:45,USD,,Chicago PMI (Sep),,,46.1,2024-09-30 09:45:00
145,01.10.2024,5:00,EUR,,CPI (YoY) (Sep),,,2.2%,2024-01-10 05:00:00
146,01.10.2024,9:45,USD,,S&P Global US Manufacturing PMI (Sep),,,48.0,2024-01-10 09:45:00
147,01.10.2024,10:00,USD,,ISM Manufacturing PMI (Sep),,,47.2,2024-01-10 10:00:00
148,01.10.2024,10:00,USD,,ISM Manufacturing Prices (Sep),,,54.0,2024-01-10 10:00:00
149,01.10.2024,10:00,USD,,JOLTs Job Openings (Aug),,,7.673M,2024-01-10 10:00:00
150,02.10.2024,8:15,USD,,ADP Nonfarm Employment Change (Sep),,,99K,2024-02-10 08:15:00
152,03.10.2024,10:00,USD,,ISM Non-Manufacturing PMI (Sep),,,51.5,2024-03-10 10:00:00
153,03.10.2024,10:00,USD,,ISM Non-Manufacturing Prices (Sep),,,57.3,2024-03-10 10:00:00
154,04.10.2024,8:30,USD,,Average Hourly Earnings (MoM) (Sep),,,0.4%,2024-04-10 08:30:00
155,04.10.2024,8:30,USD,,Nonfarm Payrolls (Sep),,,142K,2024-04-10 08:30:00
156,04.10.2024,8:30,USD,,Unemployment Rate (Sep),,,4.2%,2024-04-10 08:30:00
157,10.10.2024,8:30,USD,,Core CPI (MoM) (Sep),,,0.3%,2024-10-10 08:30:00
158,10.10.2024,8:30,USD,,CPI (MoM) (Sep),,,0.2%,2024-10-10 08:30:00
159,10.10.2024,8:30,USD,,CPI (YoY) (Sep),,,2.5%,2024-10-10 08:30:00
160,11.10.2024,8:30,USD,,PPI (MoM) (Sep),,,0.2%,2024-11-10 08:30:00
161,17.10.2024,8:15,EUR,,ECB Interest Rate Decision,,,,2024-10-17 08:15:00
